{"cameraMode":{"drawMode":0,"name":"Shaded","section":"Shading Mode"},"sceneLighting":true,"audioPlay":false,"sceneViewState":{"m_AlwaysRefresh":false,"showFog":true,"showSkybox":true,"showFlares":true,"showImageEffects":true,"showParticleSystems":true,"showVisualEffectGraphs":true,"m_FxEnabled":true},"in2DMode":false,"pivot":{"x":-0.2164442092180252,"y":1.1246027946472169,"z":-0.8846388459205627},"rotation":{"x":0.014593572355806828,"y":-0.7188675999641419,"z":0.015098527073860169,"w":0.6948328018188477},"size":2.414712429046631,"orthographic":true}